[
  {
    "id": 1,
    "name": "Wireless Headphones",
    "description": "Premium noise-cancelling wireless headphones with 30-hour battery life and superior sound quality.",
    "price": 299.99,
    "category": "Electronics",
    "reviews": [
      {
        "author": "John D.",
        "rating": 5,
        "comment": "Excellent sound quality and the noise cancellation is top-notch!"
      },
      {
        "author": "Sarah M.",
        "rating": 4,
        "comment": "Great headphones, comfortable for long listening sessions."
      },
      {
        "author": "Mike R.",
        "rating": 5,
        "comment": "Worth every penny. Battery life is amazing."
      }
    ]
  },
  {
    "id": 2,
    "name": "Smart Watch Pro",
    "description": "Advanced fitness tracking, heart rate monitoring, and smartphone integration in a sleek design.",
    "price": 399.99,
    "category": "Electronics",
    "reviews": [
      {
        "author": "Emily K.",
        "rating": 5,
        "comment": "Perfect for tracking workouts and daily activity."
      },
      {
        "author": "Tom L.",
        "rating": 4,
        "comment": "Great features, but battery could be better."
      },
      {
        "author": "Anna S.",
        "rating": 5,
        "comment": "Love the design and functionality!"
      }
    ]
  },
  {
    "id": 3,
    "name": "Organic Coffee Beans",
    "description": "Premium arabica coffee beans sourced from sustainable farms. Rich, full-bodied flavor with notes of chocolate.",
    "price": 24.99,
    "category": "Food & Beverage",
    "reviews": [
      {
        "author": "Coffee Expert",
        "rating": 5,
        "comment": "Best coffee I've had this year!"
      },
      {
        "author": "David B.",
        "rating": 4,
        "comment": "Great taste, fresh and aromatic."
      },
      {
        "author": "Lisa T.",
        "rating": 5,
        "comment": "Smooth and delicious. Will buy again!"
      }
    ]
  },
  {
    "id": 4,
    "name": "Yoga Mat Premium",
    "description": "Extra thick, non-slip yoga mat with alignment markers. Perfect for all types of yoga practice.",
    "price": 79.99,
    "category": "Sports & Fitness",
    "reviews": [
      {
        "author": "Yoga Enthusiast",
        "rating": 5,
        "comment": "Great grip and cushioning. Perfect for my daily practice."
      },
      {
        "author": "Mark W.",
        "rating": 4,
        "comment": "Good quality mat, very comfortable."
      },
      {
        "author": "Rachel G.",
        "rating": 5,
        "comment": "Love the alignment markers!"
      }
    ]
  },
  {
    "id": 5,
    "name": "Bluetooth Speaker",
    "description": "Portable waterproof speaker with 360° sound, 12-hour battery life, and built-in microphone.",
    "price": 89.99,
    "category": "Electronics",
    "reviews": [
      {
        "author": "Music Lover",
        "rating": 5,
        "comment": "Amazing sound quality for such a small speaker!"
      },
      {
        "author": "Chris P.",
        "rating": 4,
        "comment": "Great for outdoor activities, waterproof design is perfect."
      },
      {
        "author": "Julia M.",
        "rating": 5,
        "comment": "Loud, clear sound and the battery lasts all day!"
      }
    ]
  }
]